Excerpt 1,Excerpt 2,Excerpt 3,Excerpt 4,Excerpt 5,Excerpt 6,Excerpt 7,Excerpt 8,Excerpt 9,Excerpt 10,Excerpt 11,Excerpt 12,Excerpt 13,Excerpt 14,Excerpt 15,Excerpt 16,Excerpt 16,Excerpt 17,Excerpt 18,Excerpt 19,Excerpt 20,Excerpt 21,Excerpt 22,Excerpt 23,Excerpt 24,Excerpt 25,Excerpt 26,Excerpt 27,Excerpt 28,Excerpt 29,Excerpt 30,Q9,Q11,Q15,Q13,Q13_11_TEXT,Q23,Q19,Q29,Q22,Q23,Q24,Q21,Q33,Q27,Q31,Q25,Q17,Q35
"Changeant,Puissant,Incisif,Surprenant,Fort,Rapide,Mysterieux,Inquietant","Changeant,Bavard,Surprenant,Mysterieux,Inquietant",,"Colore,Changeant,Exotique,Incisif,Agressif,Surprenant",,"Incisif,Agressif,Fort,Rapide,Inquietant",,,,"Triste,Doux,Melancolique,Mysterieux","Triste,Puissant,Doux,Melancolique,Epure,Mysterieux,Solennel",,"Changeant,Chaleureux,Dansant,Solennel",,,"Incisif,Monotone,Agressif,Surprenant,Rapide",,,,"Colore,Chaleureux,Dansant,Joyeux",,,"Triste,Surprenant,Dansant","Chaleureux,Rapide,Dansant,Joyeux","Triste,Melancolique,Mysterieux,Inquietant,Sombre,Lent",,"Colore,Bavard,Rapide,Dansant,Joyeux","Triste,Monotone,Melancolique,Agressif,Mysterieux,Inquietant,Lent",,"Rapide,Dansant,Solennel",,20,Femme,FR,Etudiant,,10,Instrumentale,piano,Non,,,Non,,Non,0,0,Non,
,,"Long,Melancolique,Solennel",,"Triste,Terne,Monotone,Melancolique,Sombre,Lent",,"Terne,Mysterieux,Inquietant,Sombre,Lent","Colore,Dansant,Clair,Joyeux","Complexe,Colore,Exotique,Surprenant,Mysterieux,Vaillant",,,"Complexe,Changeant,Surprenant",,"Changeant,Exotique,Dansant,Clair","Monotone,Clair,Brillant",,"Complexe,Changeant,Agressif,Surprenant,Rapide,Inquietant","Long,Monotone,Melancolique,Mysterieux,Inquietant,Sombre,Lent","Terne,Mysterieux,Inquietant",,,"Triste,Terne,Monotone,Doux",,,,"Complexe,Incisif,Dansant,Joyeux",,,"Colore,Long,Surprenant,Clair,Lent,Brillant",,"Puissant,Epure,Brillant,Vaillant",20,Homme,FR,Etudiant,,0,,,Non,,,Oui,2,Non,/,/,Non,
"Changeant,Puissant,Agressif,Rapide,Vaillant","Changeant,Surprenant,Mysterieux","Terne,Melancolique,Mysterieux,Sombre","Bavard,Surprenant,Rapide","Complexe,Terne","Changeant,Agressif,Rapide,Mysterieux,Inquietant",,,"Puissant,Joyeux,Solennel",,"Doux,Tendre,Clair,Joyeux","Colore,Changeant,Surprenant,Mysterieux,Solennel",,,"Melancolique,Fort,Tendre,Solennel,Vaillant","Complexe,Agressif,Rapide",,"Triste,Long,Inquietant",,,"Melancolique,Mysterieux,Solennel",,,,,"Agressif,Fort,Rapide",,,"Chaleureux,Joyeux,Solennel,Brillant",,,20 ans,Homme,FR,Etudiant,,7,Instrumentale,Guitare (acoustique et un peu electrique),Non,,,Non,,Non,/,/,Non,
,,,,,,"Triste,Clair,Inquietant,Solennel,Lent","Colore,Chaleureux,Clair,Joyeux",,"Long,Doux,Melancolique,Tendre,Clair,Lent",,,,"Changeant,Exotique",,,"Colore,Rapide,Clair",,"Doux,Tendre,Clair,Lent",,"Doux,Tendre,Dansant,Clair,Lent","Changeant,Monotone,Epure,Clair","Chaleureux,Dansant,Clair,Joyeux","Colore,Chaleureux,Surprenant,Rapide,Clair,Joyeux","Terne,Monotone,Epure,Mysterieux,Clair,Lent",,"Colore,Chaleureux,Bavard,Rapide,Dansant,Clair,Joyeux","Triste,Puissant,Fort,Clair,Inquietant,Solennel,Lent",,"Colore,Doux,Tendre,Clair,Joyeux","Terne,Monotone,Clair,Solennel,Lent",20,Homme,FR,Etudiant,,0,,,Non,,,Non,,Non,0,0,Non,
"Changeant,Puissant,Incisif,Agressif,Bavard,Surprenant,Fort,Vaillant",,"Complexe,Puissant,Melancolique,Fort,Solennel,Sombre",,"Complexe,Triste,Terne,Monotone,Melancolique,Surprenant,Inquietant,Sombre","Incisif,Agressif,Surprenant,Fort,Rapide",,"Colore,Court,Monotone,Melancolique,Chaleureux,Joyeux,Vaillant",,,,,"Colore,Rapide,Dansant,Clair,Joyeux,Brillant,Vaillant",,,"Colore,Agressif,Bavard,Surprenant","Colore,Bavard,Rapide,Dansant,Joyeux,Brillant","Complexe,Melancolique,Mysterieux,Inquietant,Solennel,Sombre",,"Changeant,Fort,Joyeux,Vaillant",,,"Changeant,Epure,Dansant",,"Complexe,Exotique,Melancolique,Mysterieux,Inquietant,Solennel,Sombre,Lent",,,"Puissant,Mysterieux,Inquietant,Solennel,Sombre","Colore,Doux,Melancolique,Epure,Chaleureux,Clair","Colore,Doux,Chaleureux,Dansant,Joyeux,Brillant,Vaillant",,20,Homme,FR,Etudiant,,3,Instrumentale,piano,Non,,,Non,,Non,non,0,Non,
,"Complexe,Mysterieux",,"Puissant,Surprenant,Joyeux",,,"Triste,Fort,Mysterieux,Inquietant",,Surprenant,,"Terne,Monotone,Solennel","Joyeux,Vaillant","Dansant,Joyeux,Vaillant","Puissant,Inquietant","Melancolique,Tendre,Lent",,,,,,"Solennel,Lent,Vaillant","Melancolique,Lent",,"Puissant,Chaleureux,Dansant,Joyeux,Brillant",,"Mysterieux,Inquietant","Complexe,Dansant,Joyeux",,,,"Triste,Long,Melancolique",19,Femme,FR,Etudiant,,0,,,Non,,,Non,,Oui,,,Non,
,,"Solennel,Sombre,Lent","Colore,Surprenant,Rapide",,,"Monotone,Inquietant,Sombre,Lent",,,"Triste,Melancolique,Lent",,"Complexe,Incisif,Solennel","Colore,Dansant,Brillant","Surprenant,Dansant,Mysterieux,Lent","Triste,Puissant,Solennel","Incisif,Agressif,Rapide",,,"Changeant,Surprenant,Mysterieux","Complexe,Rapide,Clair","Incisif,Melancolique,Surprenant,Joyeux",,,,,"Incisif,Agressif,Rapide","Colore,Rapide,Dansant,Joyeux",,,"Colore,Dansant,Brillant",,20,Femme,FR,Etudiant,,0,,,Non,,,Oui,3 ans,Oui,J'apprends parfois des morceaux à jouer sur mon piano,4 ans,Non,
,"Complexe,Agressif,Surprenant,Mysterieux,Inquietant",,"Changeant,Rapide,Mysterieux,Joyeux","Complexe,Agressif,Surprenant,Mysterieux",,,,"Colore,Puissant,Joyeux,Solennel,Vaillant",,"Melancolique,Chaleureux,Tendre,Clair,Lent","Changeant,Puissant,Melancolique,Surprenant,Fort","Colore,Chaleureux,Rapide,Dansant,Joyeux",,,,,"Melancolique,Inquietant,Sombre","Triste,Melancolique,Mysterieux,Inquietant","Puissant,Chaleureux,Rapide,Joyeux,Vaillant","Colore,Chaleureux,Joyeux",,"Complexe,Triste,Puissant,Incisif,Agressif,Surprenant",,,,"Exotique,Rapide,Tendre,Dansant,Joyeux,Vaillant",,"Colore,Melancolique,Tendre,Joyeux,Lent",,"Triste,Puissant,Doux,Melancolique,Joyeux",19,Femme,FR,Etudiant,,0,,,Non,,,Non,,Non,,,,
"Incisif,Agressif,Fort,Rapide,Clair,Vaillant",,"Triste,Court,Terne,Solennel,Sombre,Lent","Colore,Changeant,Doux,Bavard,Surprenant,Rapide,Dansant,Clair,Joyeux",,"Incisif,Monotone,Agressif,Rapide,Vaillant",,,"Complexe,Colore,Chaleureux,Fort,Rapide,Clair,Solennel","Complexe,Doux,Melancolique,Chaleureux,Tendre,Lent",,"Changeant,Puissant,Surprenant,Fort,Mysterieux,Sombre,Lent,Vaillant","Colore,Incisif,Chaleureux,Rapide,Dansant,Clair,Joyeux,Vaillant","Complexe,Colore,Changeant,Exotique,Bavard,Surprenant,Fort,Joyeux,Vaillant",,"Court,Monotone,Epure,Transparent,Rapide,Clair,Solennel,Vaillant",,,,,,,,,"Changeant,Surprenant,Inquietant","Colore,Puissant,Agressif,Bavard,Rapide,Joyeux,Vaillant",,"Triste,Melancolique,Mysterieux,Sombre,Lent","Colore,Court,Doux,Chaleureux,Tendre,Dansant,Clair,Solennel,Lent",,"Colore,Doux,Melancolique,Tendre,Clair,Lent",23 ans,Femme,FR,Cadres et profession intellectuelle superieure,,0,,,Oui,Piano,1,Non,,Oui,Covers de chansons en autodidacte,4,Non,
,,"Triste,Monotone,Melancolique,Inquietant,Sombre,Lent",,"Incisif,Sombre",,"Complexe,Triste,Mysterieux,Inquietant,Sombre","Doux,Tendre,Dansant,Vaillant","Puissant,Fort,Rapide,Joyeux",,,,"Colore,Dansant,Joyeux","Monotone,Epure",,,,,"Complexe,Mysterieux,Inquietant,Solennel",,,"Monotone,Agressif,Solennel",,"Bavard,Fort,Rapide,Dansant,Joyeux",,"Agressif,Fort","Complexe,Fort,Rapide,Dansant","Complexe,Triste,Terne,Melancolique,Mysterieux,Inquietant,Sombre",,,"Complexe,Puissant,Terne,Agressif,Joyeux,Vaillant",20 ans ,Femme,FR,Etudiant,,2,Instrumentale,"Guitare, flute traversiere ",Oui,Piano,2,Non,,Non,,,,
"Colore,Transparent,Mysterieux",,,"Colore,Surprenant,Mysterieux",,"Monotone,Rapide",,"Doux,Dansant,Vaillant",,"Puissant,Long,Incisif,Monotone","Triste,Solennel,Lent",,"Exotique,Chaleureux,Bavard,Fort",,"Terne,Long,Lent",,"Surprenant,Fort,Joyeux",,"Changeant,Surprenant,Fort,Lent","Colore,Changeant,Rapide,Dansant",,,"Monotone,Mysterieux","Colore,Chaleureux,Fort,Dansant,Joyeux","Puissant,Incisif",,"Colore,Changeant,Chaleureux,Joyeux",,,,,21,Homme,FR,Etudiant,,0,,,Oui,Guitare ,4,Non,,Oui,Batterie,2,Non,
,,"Long,Inquietant,Lent,Vaillant","Colore,Changeant,Puissant,Agressif,Surprenant,Fort,Dansant,Joyeux",,,"Complexe,Changeant,Incisif,Mysterieux,Inquietant,Sombre",,"Agressif,Surprenant,Dansant",,"Triste,Melancolique,Chaleureux,Tendre,Solennel,Lent","Complexe,Changeant,Agressif,Surprenant,Solennel","Colore,Rapide,Dansant,Clair,Joyeux,Brillant","Terne,Faible,Epure,Lent",,"Complexe,Incisif,Agressif,Bavard,Rapide",,,"Complexe,Changeant,Terne,Melancolique,Surprenant,Mysterieux,Inquietant,Sombre",,"Colore,Doux,Chaleureux,Tendre,Joyeux,Solennel,Brillant",,,"Colore,Chaleureux,Rapide,Dansant,Joyeux",,"Court,Rapide,Mysterieux","Colore,Surprenant,Rapide,Dansant,Joyeux",,,"Faible,Melancolique,Clair",,20,Femme,FR,Etudiant,,0,,,Non,,,Oui,2 ans,Non,,,,
,"Incisif,Melancolique,Surprenant,Mysterieux,Clair","Triste,Puissant,Mysterieux,Solennel,Lent",,,"Terne,Monotone,Transparent",,"Monotone,Chaleureux,Lent","Complexe,Changeant,Terne,Agressif,Mysterieux",,"Colore,Doux,Melancolique,Epure,Chaleureux,Tendre,Vaillant","Complexe,Triste,Fort,Mysterieux,Inquietant",,,"Colore,Doux,Melancolique,Chaleureux,Fort,Solennel,Vaillant",,"Agressif,Rapide",,"Triste,Agressif,Surprenant,Inquietant,Sombre",,"Chaleureux,Solennel,Lent","Melancolique,Tendre,Mysterieux,Solennel",,,,,"Surprenant,Solennel",,"Long,Monotone,Chaleureux",,"Changeant,Melancolique,Chaleureux,Surprenant,Tendre,Mysterieux,Brillant,Vaillant",19,Aucun ou prefere ne pas repondre,FR,Etudiant,,6,Instrumentale,Guitare,Non,,,Oui,1,Non,,,,
,"Dansant,Joyeux",,"Colore,Dansant,Joyeux","Puissant,Inquietant,Lent","Complexe,Agressif,Rapide,Inquietant","Mysterieux,Sombre","Puissant,Chaleureux,Dansant,Joyeux",Joyeux,,"Doux,Melancolique,Tendre",,,,,Rapide,"Agressif,Rapide,Mysterieux","Complexe,Mysterieux,Inquietant",,,"Complexe,Changeant,Surprenant,Solennel","Puissant,Melancolique,Inquietant,Lent","Puissant,Vaillant",,"Triste,Mysterieux,Sombre",,,,,,,19,Femme,FR,Etudiant,,0,,,Non,,,Non,,Non,,,,
"Complexe,Surprenant,Vaillant","Long,Surprenant","Doux,Melancolique,Solennel,Sombre",,,"Monotone,Agressif,Surprenant,Inquietant",,,"Complexe,Changeant,Incisif,Surprenant","Monotone,Melancolique,Solennel,Lent",,,"Chaleureux,Joyeux",,"Fort,Joyeux,Solennel",,,,,"Changeant,Rapide,Dansant,Joyeux","Monotone,Joyeux,Solennel,Vaillant",,,,"Inquietant,Solennel",,"Complexe,Rapide,Joyeux",,"Monotone,Melancolique","Agressif,Joyeux",,23,Femme,FR,Etudiant,,2,Instrumentale,Guitare,Non,,,Non,,Non,,,,
,"Complexe,Colore,Doux,Melancolique,Vaillant",,"Complexe,Surprenant,Rapide,Dansant,Solennel,Brillant","Changeant,Terne,Mysterieux","Long,Mysterieux,Inquietant,Sombre","Complexe,Triste,Terne,Faible,Monotone,Inquietant","Colore,Chaleureux,Surprenant,Dansant,Clair,Joyeux,Brillant",,"Triste,Melancolique,Solennel,Lent","Long,Monotone,Melancolique,Solennel",,,,,,"Complexe,Exotique,Rapide",,,,"Melancolique,Solennel,Vaillant","Terne,Monotone,Sombre",,,"Triste,Puissant,Monotone,Melancolique,Mysterieux",,"Colore,Chaleureux,Dansant,Brillant",,"Doux,Epure,Clair,Solennel","Colore,Chaleureux,Tendre,Joyeux",,20 ans,Femme,FR,Etudiant,,1,Vocale,Soprano,Oui,Guitare,1,Oui,2,Oui,Groupe de musique,3,Non,
,"Complexe,Changeant,Surprenant,Mysterieux",,,,"Complexe,Monotone,Surprenant,Mysterieux,Inquietant",,"Colore,Changeant,Exotique,Doux,Chaleureux,Tendre,Joyeux",,,"Triste,Puissant,Doux,Melancolique,Fort,Mysterieux,Solennel,Lent,Vaillant","Complexe,Changeant,Puissant,Doux,Melancolique,Epure,Surprenant,Fort,Tendre,Mysterieux,Inquietant",,"Changeant,Exotique,Surprenant,Fort,Rapide,Mysterieux","Triste,Puissant,Monotone,Agressif,Mysterieux,Inquietant,Solennel,Sombre,Lent","Complexe,Changeant,Surprenant,Rapide,Mysterieux,Vaillant",,"Triste,Terne,Monotone,Melancolique,Mysterieux,Inquietant,Sombre","Complexe,Changeant,Surprenant,Mysterieux,Lent",,"Colore,Changeant,Melancolique,Chaleureux,Clair,Joyeux,Solennel",,,"Colore,Exotique,Doux,Chaleureux,Rapide,Tendre,Dansant,Clair,Joyeux,Brillant,Vaillant",,"Colore,Puissant,Exotique,Doux,Surprenant,Dansant,Joyeux",,"Changeant,Triste,Long,Agressif,Surprenant,Inquietant,Sombre","Colore,Changeant,Puissant,Doux,Chaleureux,Fort,Tendre,Clair,Solennel",,,19,Femme,FR,Etudiant,,4,Vocale,Je ne sais pas,Non,,,Non,,Oui,En cours d'education musicale au college ,4,Non,
,"Rapide,Mysterieux",,,,"Agressif,Surprenant,Fort,Rapide",,,,"Incisif,Melancolique","Doux,Melancolique,Sombre",,,"Rapide,Inquietant",,"Rapide,Mysterieux","Incisif,Rapide,Inquietant","Chaleureux,Fort,Dansant,Brillant","Triste,Dansant,Mysterieux,Inquietant,Lent","Rapide,Joyeux",,"Triste,Agressif,Fort,Dansant",,"Colore,Chaleureux,Joyeux",,"Complexe,Puissant,Agressif,Dansant,Inquietant",,,"Doux,Chaleureux,Dansant,Lent","Complexe,Puissant,Chaleureux,Rapide,Dansant",,18,Femme,FR,Etudiant,,3,Instrumentale,Flute traversiere ,Non,,,Non,,Non,,,,
"Complexe,Puissant,Long",,"Triste,Doux,Melancolique","Changeant,Chaleureux,Surprenant,Rapide,Mysterieux","Inquietant,Sombre","Long,Monotone,Agressif,Inquietant","Mysterieux,Inquietant,Sombre",,"Incisif,Fort,Solennel",,,,"Rapide,Dansant,Joyeux",,,,"Long,Incisif,Agressif,Rapide",,,,"Incisif,Solennel",,Terne,,"Triste,Doux,Epure,Sombre",,"Long,Vaillant",,,"Tendre,Joyeux,Brillant,Vaillant","Triste,Melancolique,Solennel",22,Femme,FR,Etudiant,,4,Instrumentale,Piano,Non,,,Non,,Oui,J'ai pratique la musique par le piano,4,Non,
,,"Puissant,Long,Incisif,Melancolique,Solennel,Vaillant","Colore,Bavard,Surprenant,Rapide,Dansant,Joyeux,Brillant","Triste,Exotique,Incisif,Surprenant,Inquietant",,,"Doux,Melancolique,Transparent,Solennel,Lent","Colore,Changeant,Exotique,Surprenant,Dansant,Clair",,,"Incisif,Melancolique,Surprenant,Solennel",,,"Triste,Puissant,Incisif,Melancolique,Fort,Mysterieux,Solennel,Sombre,Lent",,,"Triste,Incisif,Melancolique",,"Colore,Chaleureux,Rapide,Dansant,Clair,Joyeux,Vaillant","Complexe,Bavard,Fort,Solennel","Puissant,Melancolique,Mysterieux",,,"Incisif,Melancolique,Rapide,Lent",,"Puissant,Epure,Rapide,Dansant,Joyeux,Brillant,Vaillant","Triste,Melancolique,Mysterieux,Sombre",,,"Changeant,Puissant,Chaleureux,Clair",20 ans,Femme,FR,Etudiant,,3,Instrumentale,Piano,Non,,,Oui,2 ans,Oui,Solfege,3 ans,Non,
"Complexe,Surprenant,Rapide,Brillant",,,"Complexe,Surprenant,Fort,Joyeux",,,"Terne,Long,Mysterieux,Inquietant,Lent",Surprenant,"Long,Monotone,Fort,Joyeux","Triste,Terne,Melancolique,Lent","Monotone,Chaleureux,Tendre,Joyeux",,"Colore,Chaleureux,Rapide,Joyeux",,,,"Surprenant,Rapide,Brillant",,"Triste,Terne,Mysterieux,Inquietant,Lent","Colore,Chaleureux,Joyeux",,"Triste,Melancolique,Lent",Surprenant,,"Terne,Mysterieux,Inquietant,Lent","Rapide,Clair,Joyeux",,,,,,18 ans ,Femme,FR,Etudiant,,0,,,Oui,piano,2,Oui,2,Non,,,,
"Chaleureux,Bavard,Rapide,Dansant,Joyeux,Vaillant","Complexe,Changeant,Surprenant,Mysterieux",,,"Puissant,Epure,Mysterieux,Inquietant,Solennel,Sombre",,"Complexe,Monotone,Fort,Inquietant,Sombre","Puissant,Doux,Fort,Mysterieux,Solennel","Incisif,Agressif",,,,"Complexe,Colore,Exotique,Chaleureux,Surprenant,Dansant,Joyeux,Brillant,Vaillant",,,,"Monotone,Transparent",,"Changeant,Long,Monotone,Agressif,Surprenant,Mysterieux","Exotique,Chaleureux,Surprenant,Mysterieux","Terne,Long,Faible,Monotone,Transparent,Lent","Triste,Monotone,Doux,Melancolique,Transparent,Tendre",,"Exotique,Chaleureux,Dansant,Joyeux",,,"Complexe,Colore,Exotique,Surprenant,Rapide",,,,"Terne,Long,Doux,Melancolique,Surprenant,Mysterieux",18,Homme,FR,Etudiant,,0,,,Non,,,Non,,Non,,,,
"Puissant,Rapide,Solennel",,Solennel,"Changeant,Bavard,Rapide,Dansant,Joyeux",Mysterieux,"Agressif,Bavard,Rapide,Inquietant","Changeant,Mysterieux,Inquietant",,,,Epure,,"Chaleureux,Bavard,Rapide,Dansant,Joyeux",,"Triste,Puissant,Melancolique,Tendre",,,,,,"Chaleureux,Rapide,Joyeux,Vaillant",,"Changeant,Rapide",,"Agressif,Inquietant,Solennel","Agressif,Bavard,Rapide","Rapide,Dansant,Vaillant","Triste,Terne,Melancolique,Tendre,Sombre",,,,20 ans,Femme,FR,Etudiant,,8,Instrumentale,Piano et voix,Oui,guitare,2,Oui,3ans,Non,,,,
"Puissant,Fort,Inquietant,Joyeux",,,"Colore,Changeant,Bavard,Joyeux","Terne,Long,Inquietant","Court,Rapide,Inquietant,Sombre",,"Puissant,Chaleureux,Surprenant,Dansant,Joyeux,Vaillant",,"Long,Monotone,Solennel",,,,,,"Puissant,Agressif,Fort,Rapide,Sombre","Changeant,Incisif,Agressif,Rapide",,,"Complexe,Colore,Bavard,Dansant,Joyeux,Vaillant",,"Complexe,Melancolique,Mysterieux,Inquietant,Brillant",,,"Faible,Monotone,Melancolique,Solennel,Sombre,Lent","Rapide,Clair",,"Complexe,Changeant,Exotique,Agressif,Fort,Solennel","Complexe,Chaleureux,Bavard","Colore,Chaleureux,Bavard,Solennel,Vaillant",,20,Homme,FR,Etudiant,,5,Instrumentale,Guitare et piano ,Non,,,Non,,Non,,,,
,"Complexe,Surprenant,Fort,Mysterieux,Solennel","Terne,Epure,Solennel","Complexe,Agressif,Bavard,Surprenant",,"Incisif,Rapide,Mysterieux,Inquietant",,,"Epure,Dansant,Solennel","Triste,Inquietant,Vaillant","Triste,Court,Melancolique,Clair,Vaillant",,,"Epure,Chaleureux,Bavard,Fort,Dansant",,,"Complexe,Terne,Bavard,Surprenant","Melancolique,Fort,Mysterieux,Inquietant,Lent",,,,,,"Chaleureux,Dansant,Solennel",,"Complexe,Melancolique,Surprenant,Rapide,Inquietant",,"Complexe,Triste,Puissant,Bavard,Inquietant,Sombre","Melancolique,Epure,Tendre,Dansant,Joyeux,Solennel",,"Doux,Vaillant",18,Femme,FR,Etudiant,,0,,,Oui,Piano,,Non,,Non,,,,
"Complexe,Changeant,Incisif,Surprenant,Mysterieux,Vaillant",,,,,,"Terne,Faible,Melancolique,Mysterieux,Solennel",,,"Triste,Long,Monotone,Melancolique,Solennel",,"Complexe,Changeant,Melancolique,Lent",,"Colore,Mysterieux,Joyeux",,"Complexe,Changeant,Bavard,Surprenant,Rapide","Complexe,Changeant,Incisif,Agressif,Bavard","Terne,Melancolique,Mysterieux,Inquietant,Vaillant","Triste,Mysterieux,Inquietant,Sombre","Colore,Court,Puissant,Dansant,Brillant",,,,"Colore,Epure,Rapide,Dansant,Joyeux,Brillant",,"Complexe,Long,Surprenant,Mysterieux","Complexe,Colore,Dansant,Joyeux","Puissant,Long,Fort,Sombre",,"Dansant,Solennel,Vaillant",,22,Femme,FR,Etudiant,,8,Instrumentale,Piano,Non,,,Oui,3,Non,,,,
"Colore,Changeant,Rapide,Dansant",,,"Changeant,Agressif,Surprenant,Rapide,Joyeux",,,,"Colore,Puissant,Epure,Clair","Complexe,Puissant,Exotique,Joyeux",,"Transparent,Tendre,Lent","Incisif,Melancolique,Surprenant,Fort,Solennel,Lent",,,"Puissant,Fort,Mysterieux,Solennel","Puissant,Rapide",Rapide,,,,,"Doux,Bavard,Sombre",,"Colore,Chaleureux,Rapide,Dansant,Joyeux",,,,"Triste,Mysterieux,Inquietant,Solennel",Tendre,"Colore,Dansant,Joyeux","Complexe,Puissant,Melancolique,Bavard,Inquietant,Lent",18,Femme,FR,Etudiant,,0,,,Non,,,Oui,1,Non,,,,
Changeant,,,"Changeant,Dansant,Joyeux",,Agressif,,,Transparent,,,,"Incisif,Epure,Joyeux","Bavard,Surprenant",,,,"Doux,Melancolique,Lent","Doux,Melancolique,Epure",,"Colore,Chaleureux,Brillant,Vaillant",,,"Rapide,Dansant,Joyeux",Mysterieux,"Complexe,Incisif",Mysterieux,,Long,"Doux,Chaleureux",,18,Femme,FR,Etudiant,,6,Instrumentale,Piano,Non,,,Non,,Non,,,,
"Puissant,Surprenant,Fort,Rapide,Vaillant",,"Triste,Melancolique,Inquietant,Lent","Colore,Puissant,Bavard,Fort,Rapide,Clair,Joyeux,Brillant",,,,,Mysterieux,"Long,Tendre,Lent","Faible,Sombre,Lent","Faible,Surprenant,Fort",,"Faible,Mysterieux,Sombre,Vaillant","Puissant,Epure","Puissant,Monotone,Surprenant,Rapide",,"Mysterieux,Inquietant,Sombre",,"Changeant,Surprenant",,,,,,,"Bavard,Rapide,Joyeux",,"Faible,Melancolique",,"Triste,Doux,Melancolique,Tendre",19,Homme,FR,Etudiant,,4,Vocale,NSP,Non,,,Non,,Non,,,,
,,"Triste,Melancolique,Solennel,Sombre",,"Changeant,Incisif,Mysterieux,Inquietant","Complexe,Puissant,Rapide","Changeant,Mysterieux,Inquietant",,"Colore,Changeant,Court",,,,,,,,"Complexe,Agressif,Rapide",,"Triste,Melancolique,Lent","Colore,Agressif,Surprenant,Joyeux","Bavard,Dansant,Joyeux","Triste,Mysterieux,Solennel",,,"Complexe,Terne,Long",,"Complexe,Changeant,Chaleureux,Dansant","Triste,Monotone,Melancolique,Inquietant,Sombre","Monotone,Melancolique,Solennel","Chaleureux,Dansant,Joyeux",,19,Femme,FR,Etudiant,,2,Instrumentale,Guitare ,Non,,,Non,,Non,,,,
"Colore,Puissant,Exotique,Fort,Rapide,Dansant",,"Doux,Melancolique,Epure,Tendre,Lent","Complexe,Colore,Changeant,Exotique,Epure,Chaleureux,Surprenant,Dansant,Joyeux,Brillant","Puissant,Incisif,Doux,Lent,Vaillant","Colore,Chaleureux,Fort,Rapide,Dansant,Joyeux",,,,"Triste,Melancolique",,"Puissant,Fort,Rapide,Mysterieux",,"Doux,Epure,Surprenant,Clair,Brillant","Triste,Melancolique,Fort,Solennel","Doux,Chaleureux,Tendre,Joyeux","Complexe,Colore,Fort,Rapide",,,"Colore,Surprenant,Rapide,Dansant,Joyeux,Brillant","Doux,Chaleureux,Tendre,Dansant,Joyeux",,,"Colore,Chaleureux,Bavard,Rapide,Dansant,Joyeux","Complexe,Puissant,Agressif,Surprenant,Inquietant,Sombre",,,,,,,18 ans ,Femme,FR,Etudiant,,0,,,Non,,,Non,,Non,,,,
"Changeant,Surprenant,Rapide,Vaillant","Complexe,Puissant,Dansant","Complexe,Puissant",,,,"Epure,Tendre,Mysterieux",,"Bavard,Rapide,Mysterieux",,,"Changeant,Melancolique,Agressif,Inquietant","Long,Rapide,Dansant","Changeant,Mysterieux","Triste,Terne,Long,Inquietant",,,"Melancolique,Surprenant,Mysterieux,Inquietant",,,"Monotone,Chaleureux,Solennel","Monotone,Melancolique",Monotone,,,"Colore,Chaleureux,Rapide,Dansant",,"Melancolique,Inquietant,Sombre,Lent",,,,22,Femme,FR,Etudiant,,0,,,Non,,,Oui,2 ans,Non,,,,
"Agressif,Fort,Rapide,Joyeux",,,"Changeant,Incisif,Surprenant,Rapide",,,,,"Changeant,Long,Monotone,Surprenant","Triste,Doux,Melancolique,Epure,Tendre,Solennel,Sombre,Lent","Doux,Epure,Tendre",,,"Colore,Chaleureux,Dansant,Vaillant",,,"Changeant,Rapide",Surprenant,,"Chaleureux,Rapide,Vaillant",,,,"Bavard,Rapide,Dansant,Joyeux","Terne,Monotone,Agressif,Lent","Agressif,Bavard,Rapide",,,"Triste,Monotone,Melancolique,Chaleureux","Chaleureux,Dansant","Triste,Melancolique,Sombre",18,Femme,FR,Etudiant,,1,Instrumentale,Clarinette et guitare,Non,,,Non,,Oui,Solfege et cours de clarinette et guitare ,Solfege 3 ans clarinette 1 an et guitare 3 ans,Non,
,"Surprenant,Mysterieux,Solennel","Changeant,Long,Epure,Solennel",,,,"Triste,Monotone,Melancolique,Inquietant,Sombre","Chaleureux,Dansant,Joyeux,Brillant",,,,"Changeant,Surprenant,Dansant,Vaillant",,,"Tendre,Solennel","Complexe,Colore,Changeant,Incisif,Agressif,Bavard,Surprenant,Rapide","Incisif,Agressif,Surprenant,Inquietant",,"Triste,Terne,Monotone,Mysterieux","Colore,Exotique,Chaleureux,Rapide,Joyeux,Brillant",,"Changeant,Incisif,Surprenant","Bavard,Surprenant,Solennel",,,"Colore,Incisif,Dansant,Joyeux","Changeant,Dansant,Joyeux,Brillant","Melancolique,Agressif,Mysterieux,Sombre",,,,18 ans ,Femme,FR,Etudiant,,2,Instrumentale,Guitare ,Non,,,Oui,1 an,Non,,,,
"Changeant,Fort,Joyeux","Chaleureux,Surprenant","Complexe,Triste",,,Monotone,"Agressif,Bavard",Solennel,"Changeant,Epure,Agressif",,,"Complexe,Mysterieux,Inquietant",,Faible,"Puissant,Melancolique,Tendre",,,"Doux,Tendre",,,Dansant,,Sombre,"Colore,Fort,Rapide,Joyeux",,,,Melancolique,,,,21,Homme,FR,Cadres et profession intellectuelle superieure,,0,,,Oui,Guitare,1,Oui,3 ans,Oui,Autodidacte ,2 ans,Non,
"Complexe,Puissant,Incisif","Colore,Incisif,Surprenant,Inquietant",,"Incisif,Agressif,Brillant","Complexe,Inquietant,Joyeux,Sombre",,"Long,Monotone,Mysterieux,Inquietant",,,"Long,Faible,Doux,Solennel",,,,,,"Complexe,Colore,Rapide","Complexe,Changeant,Bavard",,,"Surprenant,Joyeux,Brillant","Rapide,Clair,Joyeux,Solennel,Vaillant","Long,Tendre,Dansant,Lent",,"Colore,Rapide,Joyeux,Vaillant","Complexe,Inquietant,Solennel,Lent",,,,"Melancolique,Fort,Tendre,Dansant",,"Triste,Long,Doux,Melancolique,Clair",23,Femme,FR,Etudiant,,10,Instrumentale,Piano,Oui,Guitare,1,Oui,1 an,Non,,,,
,,,"Fort,Rapide,Joyeux",,,,"Doux,Epure,Dansant","Terne,Surprenant,Clair",,"Long,Monotone,Transparent","Complexe,Long,Incisif","Changeant,Dansant,Brillant","Chaleureux,Mysterieux",,"Colore,Faible,Rapide",,"Melancolique,Mysterieux,Solennel","Puissant,Melancolique,Solennel",,,,,,,"Court,Rapide,Clair","Surprenant,Rapide","Triste,Melancolique,Inquietant",,"Colore,Bavard,Joyeux","Terne,Long,Lent",21,Femme,FR,Etudiant,,0,,,Non,,,Oui,1 an,Oui,KOSMA,Au moins 10 ans,Non,
,"Complexe,Changeant,Bavard,Surprenant,Inquietant","Triste,Doux,Epure,Mysterieux",,,"Monotone,Agressif,Surprenant,Rapide,Mysterieux,Inquietant",,,,"Triste,Long,Melancolique,Fort,Mysterieux,Inquietant,Solennel,Lent","Triste,Puissant,Doux,Melancolique,Epure,Tendre",,,"Colore,Court,Surprenant,Dansant,Inquietant",,"Incisif,Melancolique,Rapide,Mysterieux,Solennel",,"Complexe,Triste,Melancolique,Mysterieux,Inquietant","Mysterieux,Inquietant,Sombre","Monotone,Surprenant,Dansant",,,,"Chaleureux,Rapide,Dansant,Joyeux","Puissant,Incisif,Melancolique,Surprenant,Mysterieux,Sombre",,"Complexe,Surprenant,Rapide,Joyeux","Puissant,Agressif,Mysterieux,Inquietant",,"Changeant,Chaleureux,Rapide,Dansant",,20,Femme,FR,Etudiant,,6,Instrumentale,Piano,Non,,,Oui,1,Oui,Par moi même apres l'arrêt des cours solfeges j'ai continue ,Depuis 2015,Non,
"Puissant,Brillant","Changeant,Vaillant",,Joyeux,Mysterieux,,"Mysterieux,Sombre",,"Surprenant,Lent",,,"Agressif,Surprenant","Dansant,Brillant",,,,Melancolique,,,,"Puissant,Solennel","Doux,Melancolique,Chaleureux","Puissant,Bavard",,,"Agressif,Mysterieux",,,"Court,Doux,Dansant",,Solennel,18,Homme,FR,Etudiant,,12,Instrumentale,Piano principalement,Oui,Guitare,4,Oui,5 ans,Oui,En groupe,6 ans,Non,
"Incisif,Vaillant",,,"Colore,Joyeux","Bavard,Surprenant",,,"Colore,Joyeux",,"Melancolique,Tendre","Changeant,Tendre",,Agressif,,"Triste,Lent",,Agressif,"Mysterieux,Sombre",,"Colore,Joyeux","Solennel,Lent",,,,,"Surprenant,Mysterieux,Inquietant","Colore,Bavard,Rapide",,,"Colore,Chaleureux,Dansant,Joyeux",,23,Femme,FR,Etudiant,,3,Instrumentale,Piano,Oui,Piano,2,Non,,Non,,,,
"Colore,Changeant,Puissant,Long,Chaleureux,Bavard,Fort,Dansant,Clair,Joyeux,Brillant,Vaillant",,"Triste,Puissant,Melancolique,Rapide,Clair","Complexe,Colore,Changeant,Puissant,Epure,Chaleureux,Bavard,Rapide,Dansant,Clair,Joyeux,Brillant,Vaillant",,,,"Colore,Puissant,Chaleureux,Bavard,Fort,Rapide,Dansant,Joyeux,Solennel,Brillant,Vaillant",,"Triste,Melancolique,Solennel","Incisif,Surprenant,Rapide,Clair,Solennel,Brillant","Exotique,Incisif,Agressif,Fort,Rapide,Mysterieux",,"Complexe,Colore,Changeant,Long,Chaleureux,Dansant,Joyeux,Vaillant","Long,Monotone,Agressif,Surprenant,Solennel",,"Complexe,Long,Monotone,Rapide","Changeant,Triste,Melancolique,Clair,Joyeux","Changeant,Triste,Incisif,Melancolique,Agressif,Mysterieux",,,,"Complexe,Long,Monotone,Transparent,Rapide,Dansant,Clair,Brillant",,,"Colore,Court,Puissant,Exotique,Monotone,Fort,Rapide,Dansant,Joyeux,Vaillant",,,"Complexe,Colore,Puissant,Long,Exotique,Agressif,Bavard,Fort,Dansant,Joyeux,Brillant",,,19 ans,Homme,FR,Etudiant,,9,Vocale,Soprano/ Tenor/ Contre-tenor,Non,,,Oui,9 ans,Non,,,,
"Puissant,Melancolique,Rapide,Solennel",,"Triste,Lent",,"Surprenant,Mysterieux,Vaillant",,,"Triste,Puissant,Melancolique,Chaleureux,Transparent,Fort",,,"Changeant,Melancolique,Epure,Fort,Brillant,Vaillant","Complexe,Puissant,Bavard,Fort,Mysterieux",,"Chaleureux,Joyeux,Vaillant",,"Monotone,Agressif,Bavard,Fort,Rapide",,,"Changeant,Terne,Mysterieux,Inquietant,Solennel","Colore,Chaleureux,Rapide,Dansant,Joyeux","Triste,Long,Monotone,Fort,Solennel","Complexe,Monotone,Doux,Inquietant,Sombre",,,,,,"Triste,Court,Puissant,Solennel,Sombre",,"Colore,Chaleureux,Dansant,Joyeux","Triste,Melancolique",25,Femme,FR,Etudiant,,0,,,Non,,,Oui,1 an,Non,,,,
,"Terne,Long",,"Chaleureux,Bavard,Rapide,Dansant,Joyeux",,,"Complexe,Exotique,Incisif,Surprenant,Inquietant",,"Complexe,Chaleureux,Joyeux","Long,Lent",,,"Agressif,Rapide,Joyeux",,"Long,Agressif,Solennel",,"Agressif,Rapide","Complexe,Incisif,Mysterieux",,,,,"Agressif,Solennel","Colore,Chaleureux,Rapide,Dansant,Joyeux","Terne,Monotone,Inquietant,Lent",,"Rapide,Joyeux","Melancolique,Tendre,Lent","Monotone,Melancolique,Tendre,Dansant,Solennel",,,22,Femme,FR,Etudiant,,11,Instrumentale,piano,Non,,,Non,,Non,,,,
,"Colore,Mysterieux,Joyeux,Vaillant",,,,"Complexe,Dansant,Inquietant",,"Changeant,Dansant,Joyeux,Solennel",,,,"Changeant,Surprenant,Vaillant",,,,"Complexe,Rapide,Tendre",,"Melancolique,Surprenant","Long,Melancolique,Sombre","Rapide,Vaillant","Chaleureux,Tendre,Joyeux",,"Court,Solennel,Vaillant","Colore,Rapide,Joyeux","Melancolique,Mysterieux,Solennel","Colore,Rapide,Dansant",,"Triste,Melancolique,Fort,Mysterieux","Colore,Doux,Melancolique,Tendre",,,18,Femme,FR,Etudiant,,0,,,Non,,,Oui,3,Non,,,,
"Changeant,Puissant,Fort,Vaillant","Surprenant,Joyeux","Terne,Melancolique,Mysterieux",,"Changeant,Mysterieux,Inquietant,Sombre","Agressif,Bavard,Rapide,Inquietant","Surprenant,Mysterieux,Inquietant",,,"Melancolique,Chaleureux,Tendre",,,,,"Long,Melancolique,Mysterieux,Solennel",,,"Triste,Melancolique,Inquietant",,"Bavard,Dansant,Joyeux","Doux,Solennel",,"Changeant,Incisif,Agressif,Bavard",,"Changeant,Terne,Mysterieux,Inquietant","Incisif,Agressif,Rapide,Brillant",,"Colore,Puissant,Doux,Epure,Tendre",,,,19,Femme,FR,Etudiant,,14,Instrumentale,Flute traversiaire et mezzo-soprano,Non,,,Oui,5 ans ,Oui,"Solfege, flute traversiaire et chant ",14 ans en tout ,Non,
"Complexe,Changeant,Bavard,Surprenant,Rapide,Mysterieux",,"Puissant,Melancolique,Mysterieux,Solennel,Sombre",,,"Incisif,Monotone,Agressif,Surprenant,Rapide,Inquietant,Sombre","Changeant,Triste,Agressif,Surprenant,Inquietant,Sombre,Lent",,"Puissant,Surprenant,Clair,Solennel,Vaillant",,"Melancolique,Tendre",,"Rapide,Dansant,Joyeux",,,"Incisif,Agressif,Bavard,Rapide,Clair","Complexe,Court,Incisif,Agressif,Surprenant,Rapide",,"Puissant,Melancolique,Mysterieux,Inquietant,Sombre,Lent",,,"Complexe,Puissant,Melancolique,Tendre,Solennel,Lent","Changeant,Puissant,Fort,Solennel,Vaillant","Exotique,Incisif,Bavard,Rapide,Dansant,Clair,Joyeux",,"Incisif,Agressif,Surprenant,Rapide,Mysterieux,Solennel,Vaillant","Bavard,Transparent,Joyeux",,,,,20,Femme,FR,Etudiant,,6,Instrumentale,Guitare et flute,Oui,Guitare ,3,Non,,Oui,Solfege ,6 ans ,Non,
"Changeant,Surprenant,Vaillant",,"Court,Mysterieux,Lent",,"Complexe,Agressif,Mysterieux,Solennel,Vaillant",,,,,,"Chaleureux,Tendre","Changeant,Puissant,Solennel",,"Complexe,Changeant,Agressif,Surprenant,Vaillant",,,"Complexe,Puissant,Bavard,Fort,Rapide","Triste,Doux,Transparent",,,"Changeant,Monotone,Chaleureux","Dansant,Mysterieux",,"Complexe,Bavard,Rapide",,,,"Long,Monotone,Surprenant","Doux,Dansant,Solennel","Colore,Bavard,Solennel","Triste,Fort",21,Femme,FR,Etudiant,,8,Instrumentale,guitare,Oui,ukulele,0.5,Oui,1an,Non,,,,
,Incisif,,,Complexe,,"Agressif,Mysterieux,Inquietant",,Rapide,,,,"Chaleureux,Rapide","Surprenant,Tendre",,,,,,Fort,,,"Epure,Tendre","Colore,Chaleureux,Surprenant,Dansant","Melancolique,Solennel","Agressif,Fort","Rapide,Dansant,Joyeux","Puissant,Fort,Sombre",,Joyeux,Melancolique,20,Femme,FR,Etudiant,,4,Instrumentale,Piano ,Non,,,Oui,2,Non,,,,
,"Colore,Changeant,Incisif,Clair,Joyeux",,"Changeant,Rapide","Puissant,Doux,Chaleureux,Solennel,Lent","Monotone,Agressif,Surprenant,Rapide,Mysterieux,Inquietant","Surprenant,Mysterieux",,Dansant,,,,,"Colore,Clair,Joyeux",,"Agressif,Rapide",,"Melancolique,Solennel,Sombre","Colore,Doux,Solennel",Joyeux,"Chaleureux,Tendre,Solennel","Colore,Chaleureux,Solennel",,,,,,"Surprenant,Inquietant,Sombre","Colore,Changeant,Clair",,,18,Homme,FR,Etudiant,,4,Instrumentale,"Violon, Basse, Guitare",Oui,Basse,1,Non,,Non,,,,
"Colore,Puissant,Chaleureux,Rapide,Dansant,Joyeux",,"Monotone,Melancolique,Inquietant",,,,,"Epure,Chaleureux,Tendre,Dansant,Clair,Brillant",,"Triste,Long,Melancolique,Tendre,Solennel","Doux,Mysterieux,Joyeux","Complexe,Changeant,Puissant,Surprenant,Mysterieux,Inquietant","Rapide,Dansant,Joyeux","Colore,Exotique,Chaleureux","Triste,Terne,Faible,Melancolique,Lent",,"Chaleureux,Rapide",,,,,,,"Colore,Exotique,Chaleureux,Dansant,Joyeux","Triste,Melancolique,Inquietant,Lent",,"Chaleureux,Rapide,Dansant,Joyeux,Brillant",,,"Colore,Chaleureux,Rapide,Dansant","Triste,Long,Melancolique,Inquietant",20,Femme,FR,Etudiant,,0,,,Non,,,Non,,Non,,,,
"Changeant,Puissant,Rapide,Joyeux,Vaillant",,"Doux,Melancolique,Chaleureux,Solennel,Lent","Terne,Exotique,Rapide","Changeant,Mysterieux,Inquietant","Monotone,Rapide,Inquietant",,,"Changeant,Clair,Lent",,"Colore,Tendre",,"Epure,Mysterieux","Colore,Doux,Mysterieux",,,,,"Surprenant,Mysterieux,Sombre","Chaleureux,Rapide,Dansant",,,"Surprenant,Solennel,Lent",,,,"Complexe,Rapide,Vaillant","Triste,Melancolique,Mysterieux,Lent",,,"Doux,Tendre,Lent",20 ans,Homme,FR,Etudiant,,10,Instrumentale,Trompette,Non,,,Non,,Non,,,,
,,,"Changeant,Chaleureux,Bavard,Rapide,Joyeux","Surprenant,Fort,Mysterieux,Inquietant",,"Terne,Surprenant,Rapide,Mysterieux,Inquietant","Colore,Doux,Chaleureux,Tendre,Dansant,Clair,Joyeux","Complexe,Changeant,Surprenant,Mysterieux,Solennel,Brillant",,"Colore,Epure,Chaleureux,Tendre,Joyeux,Lent","Complexe,Surprenant,Mysterieux",,,"Triste,Melancolique,Fort,Tendre",,"Complexe,Surprenant,Rapide,Inquietant",,"Terne,Clair,Inquietant","Colore,Incisif,Doux,Epure,Dansant",,,"Doux,Epure,Tendre,Clair",,,"Exotique,Surprenant,Dansant,Joyeux",,"Puissant,Incisif,Melancolique,Epure,Tendre","Puissant,Melancolique,Clair",,,18,Femme,FR,Etudiant,,0,,,Non,,,Non,,Non,,,,
,"Bavard,Tendre","Changeant,Solennel",,,,,"Epure,Clair",,,"Puissant,Transparent","Complexe,Changeant",,Dansant,,Tendre,,"Exotique,Mysterieux,Clair",,"Incisif,Vaillant","Chaleureux,Dansant,Joyeux",Epure,"Bavard,Dansant,Joyeux",,,"Surprenant,Rapide,Vaillant",,"Puissant,Doux","Doux,Epure",,,19,Homme,FR,Etudiant,,9,Instrumentale,Guitare,Non,,,Oui,1 an,Non,,,,
,"Colore,Changeant,Dansant,Joyeux",,,"Monotone,Agressif,Sombre","Long,Monotone,Bavard,Rapide",,,"Changeant,Long,Rapide","Triste,Terne,Melancolique",,"Changeant,Triste,Puissant,Melancolique,Fort,Rapide,Inquietant",,"Complexe,Changeant,Surprenant,Mysterieux",,"Complexe,Court,Bavard,Rapide","Colore,Changeant,Bavard,Rapide",,"Fort,Mysterieux,Inquietant,Solennel,Sombre","Colore,Changeant,Chaleureux,Rapide,Dansant,Clair","Colore,Court,Chaleureux,Joyeux,Brillant,Vaillant",,"Chaleureux,Rapide,Mysterieux,Joyeux",,,,"Colore,Changeant,Court,Dansant,Joyeux",,,,"Changeant,Triste,Terne,Fort,Solennel",18,Femme,FR,Etudiant,,0,,,Non,,,Non,,Oui,Danse ,7 ans,Non,
,,"Triste,Solennel,Sombre,Lent",,,"Monotone,Agressif",,,"Colore,Court,Chaleureux,Clair,Vaillant","Triste,Faible,Melancolique,Sombre","Melancolique,Lent","Puissant,Melancolique,Bavard",,,"Puissant,Melancolique,Mysterieux,Lent","Complexe,Colore,Bavard,Dansant","Bavard,Fort,Joyeux,Brillant","Faible,Mysterieux",,,,,,"Colore,Chaleureux,Clair,Vaillant",,"Terne,Monotone","Complexe,Court,Puissant","Mysterieux,Inquietant",,,"Puissant,Solennel,Sombre,Lent",22,Homme,FR,Etudiant,,8,Instrumentale,guitare,Non,,,Non,,Non,,,,
,"Changeant,Court,Fort,Brillant",,"Colore,Changeant,Puissant,Chaleureux,Rapide,Dansant,Joyeux,Vaillant","Long,Monotone,Lent",,"Complexe,Changeant,Surprenant,Inquietant","Colore,Chaleureux,Fort,Vaillant","Complexe,Colore,Changeant,Agressif,Bavard,Surprenant,Fort","Doux,Melancolique,Chaleureux,Solennel","Doux,Melancolique,Chaleureux,Tendre","Puissant,Fort,Solennel","Colore,Chaleureux,Joyeux,Solennel",,"Puissant,Doux,Chaleureux,Tendre,Vaillant",,,,,,"Doux,Chaleureux,Solennel","Monotone,Doux,Lent","Rapide,Dansant,Joyeux,Vaillant",,,,,,"Colore,Doux,Melancolique,Chaleureux,Tendre,Vaillant",,,23,Homme,FR,Etudiant,,8,Instrumentale,Violon et guitare,Oui,Piano,1,Non,,Non,,,,
"Changeant,Exotique,Surprenant,Mysterieux,Solennel",,,,,,,"Puissant,Exotique,Fort",,"Triste,Tendre,Clair,Solennel","Chaleureux,Tendre,Brillant",,"Incisif,Monotone,Mysterieux",,,"Agressif,Bavard,Surprenant,Rapide",,,,,"Complexe,Doux,Solennel",,"Incisif,Fort,Dansant,Clair","Colore,Rapide,Dansant,Joyeux","Long,Monotone,Inquietant,Sombre,Lent","Incisif,Fort,Vaillant","Puissant,Fort,Rapide,Brillant",,"Doux,Epure,Chaleureux,Lent","Colore,Puissant,Surprenant,Joyeux","Incisif,Doux,Melancolique,Mysterieux",23,Homme,FR,Etudiant,,16,Instrumentale,tuba,Non,,,Non,,Non,,,,
"Puissant,Fort,Vaillant",,,,"Complexe,Bavard,Inquietant","Puissant,Incisif,Agressif,Surprenant,Inquietant",,,,,"Colore,Dansant,Joyeux,Solennel,Brillant",,,"Doux,Chaleureux,Transparent,Lent","Triste,Melancolique,Solennel,Sombre,Lent","Puissant,Monotone,Clair",,,"Terne,Exotique,Melancolique,Surprenant,Inquietant","Chaleureux,Fort,Brillant,Vaillant",,,"Incisif,Fort,Solennel,Vaillant","Puissant,Chaleureux,Bavard,Rapide,Joyeux,Brillant","Triste,Mysterieux,Solennel,Sombre,Lent","Agressif,Rapide,Mysterieux,Inquietant,Solennel,Sombre","Colore,Puissant,Long,Chaleureux,Bavard,Solennel,Brillant","Triste,Long,Melancolique,Tendre,Solennel,Sombre,Lent",,,,20,Homme,FR,Etudiant,,6,Instrumentale,Piano et guitare,Oui,Guitare puis Piano,6,Oui,2,Oui,En representation,2,Non,
"Agressif,Mysterieux,Solennel,Vaillant","Exotique,Doux,Surprenant,Joyeux",,"Changeant,Chaleureux,Bavard,Mysterieux",,,,"Colore,Joyeux,Solennel",,,,"Changeant,Triste,Surprenant,Inquietant","Rapide,Dansant,Joyeux",,"Complexe,Mysterieux,Lent",,,"Complexe,Triste,Terne,Monotone",,"Exotique,Rapide,Joyeux",,,"Complexe,Chaleureux,Surprenant",Dansant,,"Surprenant,Rapide,Mysterieux,Inquietant",,"Monotone,Melancolique,Agressif,Fort","Triste,Court,Melancolique,Tendre",Dansant,,20,Femme,FR-BE,Etudiant,,4,Instrumentale,piano,Oui,piano,1,Oui,2,Oui,creation,1,Non,
"Complexe,Changeant,Puissant,Incisif,Surprenant","Dansant,Joyeux",,,"Terne,Inquietant,Solennel",Mysterieux,,"Solennel,Vaillant",,"Long,Surprenant",,"Incisif,Fort","Colore,Dansant,Joyeux","Complexe,Dansant",,,,,"Melancolique,Inquietant,Sombre,Lent",,,,"Colore,Doux","Long,Rapide,Dansant,Clair,Joyeux","Long,Mysterieux",,"Colore,Exotique,Chaleureux",,,"Chaleureux,Clair,Joyeux",,20,Femme,FR,Etudiant,,0,,,Non,,,Non,,Non,,,,
"Complexe,Changeant,Surprenant",,,,,,"Triste,Terne,Agressif,Inquietant,Sombre",,,,,,,,,,,,"Triste,Doux,Melancolique,Epure",,"Epure,Clair,Solennel","Triste,Terne,Lent","Colore,Surprenant,Dansant,Joyeux",,"Triste,Puissant,Doux,Melancolique,Mysterieux,Inquietant,Solennel,Sombre","Complexe,Changeant,Surprenant","Colore,Dansant,Joyeux,Vaillant",,,"Epure,Clair,Vaillant",,18,Femme,FR,Etudiant,,0,,,Non,,,Non,,Non,,,,
,"Complexe,Colore,Changeant,Surprenant,Mysterieux","Terne,Sombre,Lent",,"Complexe,Inquietant,Solennel,Lent,Vaillant",,"Incisif,Agressif,Mysterieux",,"Complexe,Monotone,Fort,Solennel",,"Colore,Doux,Chaleureux,Tendre,Dansant,Clair,Joyeux",,,"Puissant,Mysterieux,Joyeux,Vaillant",,,,,"Melancolique,Mysterieux,Solennel,Sombre",,,"Terne,Monotone,Doux,Epure,Tendre,Solennel,Lent",,"Colore,Exotique,Bavard,Rapide,Tendre,Dansant,Joyeux","Triste,Terne,Monotone,Mysterieux,Inquietant,Solennel,Sombre","Complexe,Puissant,Rapide,Inquietant,Vaillant","Complexe,Rapide,Joyeux,Brillant",,"Tendre,Dansant,Solennel,Lent",,"Doux,Melancolique,Epure,Surprenant,Fort,Clair,Lent",19,Femme,FR,Etudiant,,5,Vocale,voix?,Oui,"ukulele, piano",1,Oui,1 an,Oui,groupe de rock (@thedeadogs),5,Non,
,,,"Chaleureux,Rapide,Dansant,Joyeux",,"Incisif,Monotone,Agressif,Inquietant",,"Bavard,Rapide,Dansant,Clair,Joyeux,Brillant",,"Changeant,Puissant,Doux,Melancolique,Agressif,Solennel",,"Complexe,Puissant,Solennel,Vaillant","Monotone,Bavard,Surprenant,Dansant,Joyeux",,"Puissant,Doux,Melancolique,Tendre,Solennel","Exotique,Rapide,Dansant,Joyeux,Vaillant","Colore,Incisif,Surprenant,Rapide,Inquietant","Changeant,Surprenant,Rapide,Mysterieux",,"Colore,Doux,Chaleureux,Rapide,Dansant,Joyeux","Doux,Epure,Chaleureux",,"Changeant,Triste,Melancolique,Surprenant,Inquietant,Vaillant",,,,,"Triste,Melancolique,Tendre,Mysterieux,Solennel,Lent",,"Colore,Incisif,Doux,Chaleureux,Rapide,Dansant,Joyeux,Brillant",,18,Homme,FR,Etudiant,,0,,,Non,,,Non,,Non,,,,
"Fort,Dansant,Joyeux,Solennel",,"Doux,Epure,Tendre,Clair","Changeant,Doux,Bavard,Dansant",,"Puissant,Rapide",Triste,"Exotique,Doux,Epure,Chaleureux,Tendre,Dansant,Clair,Joyeux",,"Melancolique,Tendre,Lent","Colore,Doux,Epure,Chaleureux,Joyeux,Lent","Complexe,Changeant,Fort","Colore,Clair,Joyeux",,,"Colore,Agressif,Rapide,Joyeux",,"Faible,Doux,Mysterieux,Lent",,,,,"Mysterieux,Vaillant",,"Triste,Monotone,Melancolique,Clair",,,,,,"Puissant,Surprenant,Mysterieux",17,Femme,FR,Etudiant,,0,,,Non,,,Non,,Oui,Chant,De temps en temps,Non,
,"Changeant,Rapide,Mysterieux",,,"Mysterieux,Inquietant,Sombre",,"Complexe,Surprenant,Inquietant","Colore,Puissant,Incisif,Chaleureux,Joyeux,Brillant,Vaillant",,"Complexe,Changeant,Melancolique","Complexe,Doux","Complexe,Changeant,Surprenant,Lent",,,"Triste,Puissant,Monotone,Melancolique,Solennel,Sombre","Colore,Incisif,Bavard,Rapide,Vaillant",,,,"Puissant,Chaleureux,Rapide,Dansant,Vaillant","Long,Solennel",,,,,,"Rapide,Joyeux,Vaillant","Triste,Puissant,Sombre,Lent","Colore,Chaleureux,Clair,Joyeux",,"Puissant,Melancolique,Fort",24,Homme,FR,Cadres et profession intellectuelle superieure,,0,,,Non,,,Non,,Non,,,,
"Changeant,Bavard,Vaillant","Surprenant,Mysterieux,Inquietant",Faible,,,,"Long,Incisif,Mysterieux,Inquietant",,"Colore,Monotone,Surprenant,Inquietant",,"Triste,Inquietant,Sombre",,,"Complexe,Tendre,Lent",,,,,,"Incisif,Melancolique,Chaleureux,Dansant,Joyeux",,Mysterieux,,Rapide,"Triste,Monotone,Agressif","Incisif,Chaleureux,Bavard,Fort,Brillant","Colore,Fort,Rapide,Joyeux",,"Colore,Dansant,Vaillant",,"Complexe,Brillant,Vaillant",16,Homme,FR,Etudiant,,0,,,Non,,,Oui,2 ans ,Non,,,,
,,,,,,,,,,,,,,,,,,,,,,,,,,,,,,,,,FR,,,,,,,,,,,,,,,
,,,"Complexe,Colore,Chaleureux,Bavard,Rapide,Dansant,Mysterieux,Joyeux","Bavard,Dansant","Incisif,Monotone,Rapide","Puissant,Inquietant,Sombre",,,"Doux,Melancolique,Tendre,Clair,Lent",,"Changeant,Monotone,Surprenant,Mysterieux,Solennel","Incisif,Bavard,Rapide,Dansant,Joyeux",,"Melancolique,Solennel,Lent","Agressif,Rapide,Vaillant",,,"Incisif,Mysterieux,Inquietant",,"Epure,Chaleureux,Joyeux,Solennel,Lent",,,,,,"Complexe,Colore,Puissant,Incisif,Chaleureux,Bavard,Rapide,Joyeux",,"Colore,Doux,Melancolique,Dansant","Triste,Bavard,Rapide,Dansant","Triste,Melancolique,Fort,Sombre,Vaillant",21,Femme,FR,Etudiant,,14,Instrumentale,Piano (instrument) et alto (voix),Oui,Ukulele,1,Oui,4,Non,,,,
,,Solennel,,,,,,,,,,,,,,,,,,,,Exotique,,Long,,,,,,,0,Sexe neutre,FR,Etudiant,,1,Instrumentale,0,Non,,,Non,,Non,,,,
,,,,,,,,,,,,,,,,,,,,,,,,,,,,,,,0,Aucun ou prefere ne pas repondre,FR,Retraite,,1,Instrumentale,0,Oui,0,1,Oui,1,Oui,0,1,Oui,1
"Colore,Changeant,Long,Incisif,Fort,Mysterieux",,,,,,,"Puissant,Melancolique,Fort,Joyeux,Solennel","Colore,Doux,Chaleureux,Joyeux","Triste,Terne,Faible,Melancolique,Solennel,Sombre",,"Triste,Terne,Long,Monotone,Agressif,Sombre,Lent",,"Changeant,Puissant,Bavard,Mysterieux,Vaillant","Monotone,Doux,Melancolique,Sombre,Lent","Complexe,Changeant,Long,Incisif,Agressif,Fort","Complexe,Agressif,Rapide,Joyeux","Terne,Inquietant,Solennel,Sombre,Lent","Long,Monotone,Doux,Inquietant,Lent",,,,,,"Terne,Fort,Inquietant,Sombre,Lent",,"Colore,Changeant,Puissant,Rapide,Dansant,Vaillant","Triste,Court,Monotone,Agressif,Lent","Triste,Monotone,Melancolique,Dansant,Lent",,,22,Homme,FR,Etudiant,,16,Instrumentale,Batterie,Non,,,Oui,1,Oui,Informatique,3,Non,
,"Complexe,Mysterieux,Inquietant","Inquietant,Sombre","Colore,Dansant,Joyeux",,,"Complexe,Inquietant,Lent",,,,,,,,"Changeant,Melancolique,Fort,Solennel,Vaillant","Incisif,Agressif,Rapide",,,"Complexe,Long,Inquietant","Rapide,Vaillant","Chaleureux,Solennel","Triste,Lent","Complexe,Bavard,Surprenant,Mysterieux,Sombre",,,"Rapide,Vaillant","Rapide,Dansant,Joyeux",,,"Doux,Chaleureux,Solennel","Doux,Melancolique,Tendre",25,Femme,FR,Cadres et profession intellectuelle superieure,,0,,,Oui,Piano,1,Oui,1,Non,,,,
"Puissant,Rapide,Vaillant",,,,"Agressif,Surprenant,Lent","Long,Monotone,Bavard",,"Chaleureux,Joyeux,Solennel","Complexe,Clair,Solennel","Triste,Melancolique","Terne,Melancolique,Solennel",,"Chaleureux,Dansant,Joyeux","Court,Terne,Faible","Doux,Melancolique,Solennel",,Rapide,,,,,,,"Rapide,Dansant,Joyeux","Mysterieux,Inquietant",,,"Melancolique,Inquietant","Tendre,Solennel",,,24,Femme,FR,"Artisan, commercant, chef d'entreprise, profession liberale",,8,Instrumentale,Flute traversiere,Non,,,Non,,Non,,,,
,Complexe,Triste,,"Tendre,Dansant,Mysterieux,Lent","Puissant,Agressif,Rapide","Triste,Mysterieux,Inquietant,Sombre",,"Long,Fort,Rapide",,"Epure,Chaleureux,Dansant,Clair","Surprenant,Fort,Inquietant,Brillant",,,,"Terne,Transparent",,"Changeant,Melancolique",,"Colore,Changeant,Chaleureux,Joyeux","Colore,Melancolique,Chaleureux,Joyeux",,,,,"Complexe,Puissant,Mysterieux,Vaillant",,,"Colore,Epure,Dansant,Joyeux",,"Doux,Solennel,Lent",24,Femme,FR,Sans emploi,,0,,,Non,,,Non,,Non,,,,
,,,,"Solennel,Vaillant",,"Melancolique,Sombre",,,,"Dansant,Solennel","Exotique,Mysterieux","Colore,Bavard,Dansant",,,"Rapide,Brillant",,,"Triste,Melancolique,Mysterieux",,Epure,"Changeant,Surprenant",Vaillant,,"Triste,Inquietant",,"Chaleureux,Joyeux","Triste,Chaleureux","Doux,Chaleureux",,"Melancolique,Solennel",24,Homme,FR,Employe et personnel de service,,0,,,Non,,,Non,,Non,,,,
"Changeant,Rapide",,"Mysterieux,Inquietant,Sombre","Changeant,Chaleureux,Brillant",,"Incisif,Rapide,Inquietant",,,"Complexe,Changeant,Surprenant,Vaillant","Tendre,Solennel,Lent",,,,,,,"Agressif,Rapide","Inquietant,Sombre,Lent",,"Dansant,Joyeux",,,"Changeant,Terne,Mysterieux,Sombre","Exotique,Dansant,Joyeux","Melancolique,Lent","Agressif,Fort,Rapide","Chaleureux,Rapide,Joyeux",,,"Changeant,Transparent,Joyeux",,24,Femme,FR,Etudiant,,0,,,Non,,,Non,,Oui,Au college ,2,Non,
"Puissant,Bavard,Rapide,Mysterieux,Brillant","Complexe,Changeant,Fort,Rapide,Dansant",,"Changeant,Chaleureux,Rapide,Dansant,Joyeux",,"Complexe,Long,Agressif,Surprenant,Fort,Mysterieux,Inquietant,Sombre",,"Incisif,Doux,Dansant,Joyeux,Brillant",,"Puissant,Tendre,Clair,Lent,Brillant","Monotone,Chaleureux,Solennel,Lent",,"Colore,Puissant,Chaleureux,Bavard,Surprenant,Fort,Rapide,Dansant,Joyeux,Brillant","Surprenant,Mysterieux,Inquietant,Lent",,"Complexe,Changeant,Rapide",,"Triste,Long,Melancolique","Triste,Melancolique,Tendre,Lent",,"Puissant,Solennel,Lent",,,"Colore,Puissant,Chaleureux,Rapide,Dansant,Vaillant",,,,,,"Dansant,Joyeux,Vaillant",,18,Homme,FR,Etudiant,,7,Instrumentale,Piano ,Non,,,Non,,Oui,Jouer dans un groupe ,2,Non,
,,"Court,Doux,Tendre,Lent",,"Changeant,Terne,Long,Faible,Agressif,Fort,Sombre,Lent,Vaillant",,"Triste,Terne,Faible,Tendre,Mysterieux,Inquietant,Sombre,Lent",,"Colore,Chaleureux,Rapide,Dansant,Joyeux",,,"Changeant,Faible,Fort,Lent",,,"Triste,Puissant,Faible,Bavard,Fort,Mysterieux",,"Changeant,Puissant,Long,Bavard,Fort,Rapide,Brillant,Vaillant",,"Bavard,Surprenant,Mysterieux,Inquietant,Sombre","Colore,Long,Exotique,Chaleureux,Rapide,Dansant,Joyeux,Brillant","Long,Faible,Monotone,Epure,Lent",Lent,,,,"Puissant,Long,Exotique,Bavard,Fort,Rapide,Dansant,Vaillant",,"Changeant,Long,Epure,Inquietant,Lent","Court,Fort,Dansant,Joyeux,Lent",,"Court,Puissant,Doux,Bavard,Surprenant,Fort,Clair",19,Femme,FR,Etudiant,,0,,,Non,,,Oui,3 ans,Non,,,,
,,"Complexe,Triste",,,,"Fort,Inquietant,Vaillant","Complexe,Colore,Puissant,Chaleureux,Bavard,Surprenant,Tendre,Joyeux",,"Doux,Melancolique,Solennel,Lent","Doux,Tendre,Clair,Solennel",,"Colore,Rapide,Dansant","Colore,Exotique,Bavard,Dansant","Puissant,Solennel,Vaillant",,,,,"Colore,Chaleureux,Surprenant,Rapide,Dansant",,"Triste,Melancolique,Mysterieux",,"Colore,Chaleureux,Rapide,Dansant,Clair,Joyeux,Brillant",,,,"Triste,Doux,Melancolique,Sombre","Epure,Chaleureux,Clair,Joyeux","Colore,Chaleureux,Surprenant,Dansant,Clair,Joyeux","Puissant,Doux,Chaleureux,Tendre",18,Femme,FR,Etudiant,,0,,,Non,,,Oui,2 ans,Non,,,,
"Epure,Agressif,Rapide,Solennel,Sombre,Vaillant","Puissant,Bavard,Fort,Dansant,Mysterieux","Triste,Terne,Long,Melancolique,Fort,Mysterieux,Inquietant,Solennel,Sombre","Complexe,Changeant,Rapide,Dansant,Solennel","Puissant,Terne,Mysterieux,Solennel,Sombre,Lent","Monotone,Agressif,Rapide","Changeant,Terne,Monotone,Surprenant,Sombre",,"Complexe,Epure,Solennel",,,,,,"Monotone,Fort,Solennel","Puissant,Agressif,Rapide,Inquietant",,"Triste,Puissant,Terne,Agressif,Mysterieux,Inquietant,Solennel,Sombre","Terne,Mysterieux,Inquietant,Sombre",,,"Triste,Melancolique,Sombre",,,,,"Rapide,Dansant",,"Changeant,Joyeux,Solennel",,,24,Femme,FR,Cadres et profession intellectuelle superieure,,12,Instrumentale,Piano et chorale ,Non,,,Oui,12,Oui,danse et orchestre,15,Non,
"Incisif,Agressif,Fort,Rapide,Mysterieux,Inquietant",,,,"Complexe,Changeant,Surprenant,Mysterieux","Monotone,Agressif,Rapide,Inquietant,Sombre",,,,,"Doux,Epure,Chaleureux,Clair,Joyeux","Colore,Vaillant",,"Changeant,Terne,Surprenant",,,,"Triste,Terne,Monotone,Mysterieux",Monotone,,"Chaleureux,Rapide,Dansant,Joyeux,Brillant","Epure,Tendre,Lent","Colore,Bavard,Rapide,Joyeux,Vaillant",,"Triste,Melancolique,Solennel,Sombre",,"Colore,Agressif,Fort,Rapide,Clair,Brillant,Vaillant","Triste,Melancolique,Chaleureux",,"Colore,Epure,Chaleureux,Dansant,Clair,Joyeux",,24,Femme,FR,Cadres et profession intellectuelle superieure,,5,Vocale,Alto 2,Oui,voix,8,Oui,5,Non,,,,
,,,Incisif,,"Long,Incisif,Agressif",Mysterieux,"Surprenant,Fort,Vaillant",Complexe,Triste,,,Rapide,,Sombre,,,,Faible,,Solennel,,Puissant,Tendre,Sombre,Changeant,"Complexe,Rapide,Tendre",,,,,18,Homme,FR,Etudiant,,0,,,Non,,,Oui,2 ans,Non,,,,
"Complexe,Changeant,Puissant,Long,Incisif,Bavard,Fort,Rapide,Vaillant",,,,"Changeant,Melancolique,Surprenant,Mysterieux,Solennel,Sombre","Puissant,Long,Bavard,Rapide,Dansant,Inquietant","Triste,Incisif,Melancolique,Mysterieux,Inquietant",,"Colore,Monotone,Chaleureux,Joyeux,Brillant","Triste,Court,Doux,Clair,Brillant",,"Complexe,Agressif,Bavard,Fort","Agressif,Rapide,Dansant,Joyeux",,,,,"Complexe,Triste,Terne,Long,Melancolique,Fort,Mysterieux,Inquietant,Solennel","Triste,Terne,Melancolique,Surprenant,Fort,Mysterieux,Inquietant,Solennel","Complexe,Colore,Court,Chaleureux,Fort,Dansant,Mysterieux,Clair,Vaillant",,"Doux,Chaleureux,Tendre,Dansant,Brillant",,,"Triste,Incisif,Melancolique,Agressif,Fort,Inquietant",,,,,"Colore,Court,Exotique,Doux,Chaleureux,Bavard,Dansant,Clair,Vaillant","Changeant,Triste,Fort,Vaillant",22,Femme,FR,Etudiant,,0,,,Non,,,Oui,2,Non,,,,
,,,"Surprenant,Rapide,Joyeux",Lent,"Agressif,Fort",,,,"Monotone,Transparent,Lent","Epure,Rapide,Joyeux",,,Transparent,,"Monotone,Rapide",,,Monotone,,Solennel,Lent,"Complexe,Rapide,Vaillant","Chaleureux,Rapide,Dansant,Joyeux",,"Rapide,Dansant",,,,"Chaleureux,Dansant,Joyeux",Puissant,23,Femme,FR,Sans emploi,,6,Instrumentale,Violoncelle,Non,,,Oui,1,Oui,Autodidacte,1,Non,
"Changeant,Rapide",,,,"Colore,Changeant,Chaleureux,Bavard,Surprenant",,,,Bavard,,"Clair,Solennel","Complexe,Colore,Fort,Mysterieux","Complexe,Colore,Fort,Rapide,Joyeux",,,"Puissant,Agressif,Bavard,Fort,Rapide","Complexe,Colore,Puissant,Exotique,Surprenant,Fort,Rapide",,,"Colore,Rapide,Dansant,Joyeux",,"Colore,Fort",,,"Incisif,Dansant",,,"Triste,Long,Lent","Doux,Epure,Tendre,Solennel","Colore,Puissant,Joyeux,Vaillant","Triste,Terne,Melancolique,Solennel",19,Femme,FR,Etudiant,,8,Instrumentale,hautbois ,Non,,,Oui,1 an,Non,,,,
,"Changeant,Surprenant,Inquietant",,"Complexe,Puissant,Surprenant,Rapide,Mysterieux","Complexe,Terne,Solennel,Sombre",,"Changeant,Sombre,Lent",,,,"Triste,Melancolique,Solennel,Sombre,Lent",,"Monotone,Rapide,Dansant","Complexe,Dansant,Joyeux,Vaillant",,,,,"Changeant,Melancolique,Chaleureux,Mysterieux",,,"Surprenant,Mysterieux,Brillant","Triste,Melancolique,Solennel,Sombre","Incisif,Rapide,Dansant,Joyeux","Triste,Terne,Faible,Monotone",,,"Triste,Long,Sombre,Lent","Colore,Doux,Tendre,Joyeux",,"Changeant,Melancolique,Chaleureux,Tendre",52,Femme,FR,"Profession intermediaire, cadre moyen",,2,Vocale,Normale,Oui,Flute,1,Non,,Non,,,,
"Changeant,Faible,Incisif,Agressif,Surprenant,Fort,Mysterieux",,"Complexe,Court","Colore,Changeant,Chaleureux,Dansant,Joyeux,Brillant",,"Faible,Agressif,Rapide,Inquietant",,"Colore,Chaleureux,Dansant,Mysterieux",,"Melancolique,Surprenant,Lent","Court,Monotone,Chaleureux,Clair","Puissant,Agressif,Fort","Colore,Chaleureux,Rapide",,,,,"Complexe,Terne,Mysterieux",,"Changeant,Chaleureux,Brillant",,,,,,"Complexe,Surprenant,Inquietant","Colore,Changeant,Surprenant,Rapide,Joyeux,Solennel",,"Doux,Epure,Chaleureux,Clair,Brillant",Mysterieux,,21,Femme,FR,Etudiant,,7,Instrumentale,Batterie,Non,,,Non,,Non,,,,
,"Colore,Changeant,Incisif,Epure,Bavard",,"Changeant,Incisif,Epure,Bavard,Dansant","Puissant,Incisif,Agressif,Inquietant,Solennel,Sombre",,"Complexe,Changeant,Bavard,Surprenant,Mysterieux",,"Complexe,Colore,Long,Incisif,Fort,Joyeux,Solennel","Complexe,Colore,Changeant,Tendre,Vaillant","Colore,Long,Epure,Bavard,Vaillant",,,,"Puissant,Long,Monotone,Melancolique,Epure,Chaleureux,Solennel","Agressif,Bavard,Clair,Joyeux","Long,Monotone,Agressif,Bavard,Clair,Joyeux",,,,"Bavard,Rapide,Dansant,Clair,Joyeux,Solennel","Puissant,Monotone,Doux,Melancolique,Chaleureux,Solennel",,"Colore,Chaleureux,Bavard,Rapide,Joyeux","Puissant,Incisif,Agressif,Fort,Mysterieux,Inquietant,Solennel,Sombre",,"Bavard,Rapide,Clair,Joyeux,Vaillant",,,,,21,Homme,FR,Etudiant,,0,,,Oui,"Guitare, basse, batterie, piano",2,Non,,Oui,"Groupe de musique, producteur, MAO",2,Non,
"Complexe,Changeant,Incisif,Agressif,Surprenant,Rapide,Mysterieux,Solennel",,"Complexe,Faible,Monotone,Surprenant,Sombre",,,"Complexe,Puissant,Agressif,Mysterieux,Inquietant",,"Doux,Solennel,Vaillant","Complexe,Incisif,Clair",,,"Changeant,Puissant,Fort,Vaillant","Bavard,Dansant,Clair,Joyeux","Colore,Chaleureux",,,,,"Changeant,Mysterieux,Inquietant","Colore,Chaleureux,Joyeux",,,"Complexe,Incisif,Clair,Joyeux","Colore,Puissant,Bavard,Surprenant,Dansant,Joyeux,Brillant,Vaillant",,,,"Changeant,Melancolique,Mysterieux",,"Terne,Monotone,Solennel","Terne,Solennel,Lent",24,Femme,FR,Etudiant,,1,Instrumentale,guitare,Oui,Guitare,1,Non,,Non,,,,
,,,"Complexe,Colore,Court,Puissant,Chaleureux,Dansant,Joyeux","Complexe,Triste,Transparent,Mysterieux,Inquietant",,"Complexe,Mysterieux,Inquietant,Sombre",,,,,"Complexe,Changeant,Surprenant,Inquietant,Joyeux",,,"Colore,Puissant,Melancolique,Chaleureux","Complexe,Surprenant,Rapide","Changeant,Bavard,Rapide,Mysterieux,Inquietant","Triste,Bavard,Inquietant",,"Changeant,Court,Epure,Chaleureux,Clair,Joyeux","Colore,Chaleureux,Rapide,Joyeux","Clair,Joyeux",,,"Mysterieux,Inquietant,Sombre","Complexe,Colore,Changeant,Chaleureux,Surprenant,Rapide,Joyeux,Vaillant",,,"Melancolique,Chaleureux,Tendre,Dansant","Dansant,Clair,Joyeux",,21,Femme,FR,Etudiant,,10,Instrumentale,Accordeon,Oui,"Ukulele, guitare",3,Oui,7,Non,,,,
,"Colore,Chaleureux,Rapide,Solennel,Vaillant",,,,"Complexe,Monotone,Surprenant,Rapide,Mysterieux",,"Colore,Tendre,Clair,Solennel,Brillant","Colore,Changeant,Fort,Brillant",,,,,,"Colore,Clair,Lent","Colore,Surprenant,Rapide,Clair","Incisif,Agressif,Surprenant,Rapide",,"Triste,Melancolique",,"Colore,Chaleureux,Tendre,Solennel","Clair,Joyeux","Complexe,Colore,Changeant,Surprenant,Clair","Colore,Rapide,Dansant,Joyeux",,,"Colore,Chaleureux,Rapide,Vaillant","Terne,Melancolique,Surprenant,Lent","Colore,Doux,Epure,Tendre,Clair,Solennel",,,21,Homme,FR,Etudiant,,10,Instrumentale,guitare,Non,,,Oui,5 ans,Oui,en suivant des tutos sur youtube,pendant 1 an,Non,
"Complexe,Changeant,Puissant,Long,Chaleureux,Inquietant",,"Changeant,Court,Monotone,Doux,Melancolique,Sombre,Lent","Complexe,Puissant,Long,Fort,Rapide",,"Agressif,Fort,Inquietant",,,,"Melancolique,Chaleureux,Clair","Chaleureux,Tendre,Dansant,Lent",,"Colore,Chaleureux,Fort,Rapide,Dansant,Clair,Joyeux,Brillant,Vaillant","Changeant,Puissant,Mysterieux,Clair,Sombre,Vaillant",,,,"Faible,Doux,Melancolique,Surprenant",,"Long,Monotone,Rapide,Vaillant","Doux,Chaleureux,Bavard,Dansant,Joyeux,Vaillant",,,,"Changeant,Surprenant,Fort,Inquietant,Sombre","Monotone,Agressif,Surprenant,Fort,Mysterieux",,,"Doux,Melancolique,Chaleureux,Surprenant,Tendre,Brillant",,"Doux,Tendre,Vaillant",21 ans ,Homme,FR,Etudiant,,0,,,Non,,,Oui,1 an,Non,,,,
,"Changeant,Court,Puissant,Mysterieux","Changeant,Terne,Surprenant",,,,"Long,Monotone,Agressif,Joyeux,Vaillant","Complexe,Triste,Terne,Exotique,Melancolique,Mysterieux,Joyeux,Lent,Brillant","Complexe,Colore,Changeant,Puissant,Surprenant,Fort,Rapide","Puissant,Long,Doux,Melancolique,Clair,Solennel,Brillant",,,"Colore,Changeant,Puissant,Exotique,Monotone,Epure,Chaleureux,Clair,Brillant,Vaillant",,"Complexe,Terne,Fort,Brillant",,"Complexe,Colore,Rapide,Dansant,Joyeux,Vaillant","Changeant,Mysterieux,Inquietant,Vaillant","Incisif,Melancolique,Chaleureux,Tendre,Mysterieux",,,"Puissant,Long,Chaleureux,Bavard,Mysterieux,Lent","Complexe,Changeant,Long,Incisif,Rapide,Joyeux,Vaillant",,,,,"Triste,Terne,Doux,Melancolique,Lent",,,"Changeant,Fort,Rapide,Clair,Solennel,Sombre,Brillant",20,Femme,FR,Etudiant,,5,Instrumentale,piano ,Non,,,Oui,1,Oui,Ecouter de la musique,10 ans,Non,
Inquietant,,"Triste,Melancolique,Solennel",,,,"Long,Agressif,Mysterieux,Inquietant,Lent","Colore,Long,Doux,Rapide,Tendre",,Melancolique,,,"Agressif,Rapide,Clair,Vaillant","Triste,Terne,Monotone",,Complexe,,,,Rapide,,,"Triste,Terne,Faible,Mysterieux,Inquietant",Dansant,"Mysterieux,Inquietant,Solennel,Sombre,Lent",,Vaillant,,"Triste,Doux,Melancolique,Chaleureux,Tendre",Monotone,,20,Homme,FR,Etudiant,,0,,,Non,,,Non,,Non,,,,
"Complexe,Puissant,Fort,Rapide,Solennel","Incisif,Mysterieux,Inquietant,Solennel,Lent","Incisif,Monotone,Melancolique,Lent","Colore,Chaleureux,Rapide,Tendre,Joyeux","Melancolique,Inquietant,Solennel,Sombre",,,,"Complexe,Bavard,Surprenant,Lent",,"Doux,Chaleureux,Tendre","Triste,Solennel,Lent",,,"Melancolique,Epure,Solennel,Lent,Vaillant",,,"Mysterieux,Inquietant,Sombre","Incisif,Mysterieux,Inquietant",,,"Faible,Inquietant,Solennel,Lent,Vaillant",,,,"Complexe,Puissant,Bavard,Surprenant,Rapide,Mysterieux",,"Terne,Long,Melancolique,Inquietant,Lent",,,"Doux,Melancolique,Lent",20,Femme,FR,Etudiant,,6,Instrumentale,Piano,Non,,,Non,,Oui,Cours particulier ,6,Non,
,,,"Colore,Chaleureux,Bavard,Dansant,Joyeux","Complexe,Mysterieux","Terne,Monotone","Terne,Mysterieux,Inquietant,Sombre",,,,"Dansant,Solennel","Puissant,Mysterieux,Vaillant",,,,"Rapide,Joyeux",,"Changeant,Surprenant",,"Chaleureux,Dansant,Joyeux,Brillant",,Melancolique,"Mysterieux,Solennel,Vaillant",,,,"Rapide,Dansant,Joyeux","Triste,Melancolique,Mysterieux,Sombre",,"Doux,Epure,Chaleureux,Dansant","Triste,Solennel",28,Femme,FR,"Profession intermediaire, cadre moyen",,0,,,Non,,,Non,,Non,,,,
"Colore,Puissant,Exotique,Incisif,Agressif,Rapide,Dansant,Clair,Joyeux",,,"Colore,Puissant,Exotique,Incisif,Chaleureux,Rapide,Dansant,Mysterieux,Joyeux,Brillant",,,,"Colore,Doux,Chaleureux,Tendre,Mysterieux,Solennel","Colore,Changeant,Incisif,Chaleureux,Surprenant,Fort,Rapide,Joyeux","Triste,Terne,Long,Doux,Melancolique,Tendre,Mysterieux,Solennel,Sombre,Lent",,,"Complexe,Colore,Changeant,Incisif,Surprenant,Rapide,Dansant,Clair,Joyeux",,"Triste,Terne,Monotone,Melancolique,Tendre,Inquietant,Solennel,Sombre,Lent","Complexe,Colore,Incisif,Agressif,Chaleureux,Surprenant,Rapide,Dansant,Clair,Joyeux",,"Complexe,Triste,Terne,Long,Monotone,Melancolique,Agressif,Mysterieux,Inquietant,Solennel,Sombre,Lent",,,"Terne,Faible,Doux,Melancolique,Epure,Tendre,Solennel,Lent",,"Complexe,Puissant,Terne,Incisif,Agressif,Mysterieux,Inquietant,Sombre","Complexe,Colore,Changeant,Exotique,Chaleureux,Rapide,Dansant,Joyeux",,"Colore,Exotique,Incisif,Chaleureux,Rapide,Dansant,Joyeux",,,"Complexe,Chaleureux,Rapide,Joyeux",,"Triste,Terne,Faible,Doux,Melancolique,Tendre,Mysterieux,Solennel,Sombre,Lent",20,Homme,FR,Etudiant,,5,Instrumentale,Trompette,Non,,,Non,,Non,,,,
,"Complexe,Changeant,Mysterieux","Puissant,Mysterieux",,,"Monotone,Vaillant","Complexe,Melancolique,Sombre",,,,"Chaleureux,Fort,Tendre,Dansant,Solennel",,,Vaillant,,,"Chaleureux,Surprenant,Joyeux",,"Doux,Fort,Mysterieux","Chaleureux,Surprenant,Mysterieux","Doux,Tendre,Solennel","Doux,Tendre,Dansant,Solennel","Colore,Doux,Dansant,Joyeux",,"Complexe,Mysterieux",,"Complexe,Changeant,Rapide,Dansant",,,"Chaleureux,Surprenant,Dansant",,18,Homme,FR,Etudiant,,0,,,Oui,guitare,1,Non,,Non,,,,
,,"Triste,Terne,Doux,Melancolique,Lent","Colore,Changeant,Exotique,Chaleureux,Surprenant,Rapide,Dansant,Mysterieux,Joyeux","Complexe,Changeant,Terne,Exotique,Mysterieux,Inquietant,Joyeux","Monotone,Agressif,Surprenant,Rapide,Mysterieux,Inquietant","Changeant,Court,Melancolique,Surprenant,Fort,Tendre,Inquietant,Solennel,Sombre",,,"Colore,Puissant,Doux,Chaleureux,Tendre,Joyeux",,"Changeant,Agressif,Surprenant,Fort",,"Colore,Exotique,Chaleureux,Bavard,Fort,Rapide,Dansant,Mysterieux,Joyeux",,"Long,Rapide",,"Triste,Doux,Melancolique,Tendre,Sombre,Brillant","Doux,Melancolique,Epure,Transparent,Tendre,Dansant,Mysterieux,Clair,Sombre","Colore,Changeant,Court,Chaleureux,Surprenant,Dansant,Clair,Joyeux,Vaillant",,,,"Colore,Exotique,Chaleureux,Rapide,Dansant,Joyeux,Brillant","Court,Terne,Monotone,Doux,Melancolique,Mysterieux,Inquietant,Lent",,,,,"Chaleureux,Bavard,Dansant,Joyeux,Solennel",,20,Aucun ou prefere ne pas repondre,FR,Etudiant,,5,Instrumentale,Guitare ,Non,,,Non,,Non,,,,
"Rapide,Dansant,Brillant","Tendre,Clair",,,,,,"Changeant,Joyeux,Solennel","Chaleureux,Joyeux",,"Puissant,Fort,Sombre",,"Colore,Bavard,Joyeux",,"Monotone,Inquietant",,"Agressif,Surprenant,Inquietant",,,,,"Changeant,Solennel,Lent",,,,"Chaleureux,Dansant,Joyeux","Colore,Doux,Clair","Changeant,Incisif,Melancolique","Doux,Clair,Lent","Colore,Dansant,Joyeux","Triste,Melancolique,Solennel",18 ans,Femme,FR,Etudiant,,2,Instrumentale,Flute traversiere ,Non,,,Non,,Non,,,,
"Colore,Puissant,Fort",,,Dansant,"Surprenant,Mysterieux",,"Monotone,Inquietant",,,,"Monotone,Lent",Surprenant,"Joyeux,Vaillant",,"Triste,Melancolique,Lent",,"Monotone,Bavard,Rapide",,"Melancolique,Inquietant","Puissant,Vaillant",,"Colore,Chaleureux,Clair","Terne,Rapide",,,,,"Triste,Doux,Solennel",,,Monotone,20,Homme,FR,Other (Please specify),Musician ,10,Instrumentale,Batterie ,Oui,Batterie/composition ,10,Non,,Oui,Composition ,3,Non,
,Transparent,"Mysterieux,Inquietant",,,"Rapide,Mysterieux,Inquietant",,"Puissant,Rapide,Dansant,Vaillant",Solennel,"Triste,Fort",,,,Dansant,,"Agressif,Rapide,Dansant",,Dansant,,,"Transparent,Solennel",,,"Chaleureux,Rapide,Dansant","Triste,Melancolique,Inquietant,Sombre","Colore,Rapide,Dansant,Joyeux","Colore,Rapide,Vaillant",,"Monotone,Solennel",,,21,Homme,FR,Etudiant,,4,Instrumentale,Piano,Non,,,Non,,Non,,,,
,"Complexe,Changeant,Surprenant,Mysterieux",,"Colore,Changeant,Surprenant,Rapide,Joyeux",Changeant,"Long,Monotone,Agressif,Surprenant,Rapide,Inquietant","Changeant,Puissant,Inquietant,Sombre","Colore,Vaillant","Changeant,Long,Bavard","Triste,Melancolique",,,"Puissant,Rapide,Dansant,Clair,Joyeux",,,,,,,"Complexe,Colore,Surprenant,Fort,Joyeux",,,"Colore,Rapide",,"Long,Monotone,Sombre","Colore,Rapide,Vaillant","Colore,Changeant,Surprenant,Rapide,Dansant,Clair,Joyeux",,"Long,Melancolique,Tendre",,,20,Femme,FR,Etudiant,,4,Instrumentale,Guitare,Non,,,Non,,Non,,,,
"Complexe,Puissant,Incisif,Agressif,Surprenant,Fort,Rapide,Mysterieux,Inquietant,Brillant,Vaillant",,"Court,Doux,Epure,Transparent,Tendre,Dansant,Solennel,Lent",,,,,,,,,"Changeant,Exotique,Surprenant,Fort,Rapide,Lent",,"Colore,Doux,Dansant,Joyeux,Brillant","Complexe,Triste,Puissant,Monotone,Melancolique,Mysterieux,Lent","Complexe,Bavard,Rapide,Clair,Joyeux","Triste,Melancolique,Rapide,Mysterieux","Complexe,Changeant,Triste,Melancolique,Bavard,Mysterieux,Inquietant,Sombre","Terne,Long,Bavard,Transparent",,"Complexe,Terne,Long,Bavard,Rapide,Solennel","Changeant,Triste,Court,Doux,Surprenant,Mysterieux,Inquietant",,"Colore,Puissant,Chaleureux,Bavard,Rapide,Dansant,Joyeux,Brillant,Vaillant",,,,"Triste,Melancolique,Epure,Surprenant,Mysterieux,Inquietant,Sombre",,"Complexe,Changeant,Joyeux","Changeant,Puissant,Long,Melancolique,Bavard,Fort,Solennel",22,Homme,FR,Etudiant,,8,Instrumentale,trompette,Non,,,Oui,2 ans,Non,,,,
,,,,"Puissant,Solennel,Sombre,Lent","Complexe,Incisif,Bavard,Surprenant,Rapide",,"Complexe,Melancolique,Chaleureux,Surprenant,Rapide,Joyeux","Colore,Changeant,Chaleureux,Bavard,Fort,Rapide,Joyeux",,"Melancolique,Transparent,Sombre",,,,"Triste,Long,Monotone,Melancolique","Complexe,Bavard,Rapide,Joyeux",,"Complexe,Triste,Melancolique,Sombre,Lent","Mysterieux,Inquietant,Solennel,Lent",,,"Complexe,Long,Doux,Lent","Colore,Incisif,Bavard,Tendre,Clair,Joyeux",,,,"Doux,Tendre,Joyeux",,"Doux,Tendre,Dansant,Joyeux,Lent","Doux,Melancolique,Chaleureux,Dansant,Solennel,Vaillant","Changeant,Triste,Doux,Transparent,Lent",18,Femme,FR,Etudiant,,0,,,Non,,,Non,,Non,,,,
"Complexe,Puissant,Agressif,Rapide,Inquietant","Complexe,Changeant,Bavard,Mysterieux",,"Bavard,Rapide,Dansant,Mysterieux,Joyeux",,,"Triste,Melancolique,Mysterieux,Vaillant",,,"Colore,Changeant,Triste,Long,Melancolique,Tendre","Melancolique,Chaleureux,Dansant,Lent","Agressif,Fort,Inquietant","Colore,Puissant,Chaleureux,Dansant,Joyeux,Solennel","Changeant,Chaleureux,Surprenant,Mysterieux,Vaillant",,,,,,"Incisif,Bavard","Long,Doux,Chaleureux,Dansant,Solennel",,,"Dansant,Clair,Joyeux","Triste,Melancolique,Mysterieux,Clair,Sombre,Lent","Complexe,Bavard,Fort,Mysterieux",,"Melancolique,Tendre,Clair,Lent",,,,22,Femme,FR,Etudiant,,0,,,Non,,,Oui,3ans,Non,,,,
"Incisif,Surprenant,Fort,Rapide,Inquietant","Complexe,Melancolique,Mysterieux,Inquietant",,"Exotique,Bavard,Surprenant,Tendre,Dansant",,,,"Court,Doux,Chaleureux,Bavard,Tendre","Complexe,Monotone,Agressif,Brillant,Vaillant",,,,"Changeant,Puissant,Surprenant,Joyeux,Vaillant","Doux,Mysterieux,Clair,Lent,Vaillant",,"Monotone,Bavard,Rapide,Dansant","Complexe,Incisif,Agressif,Fort,Rapide",,,,"Colore,Melancolique,Chaleureux,Vaillant",,"Complexe,Puissant,Surprenant,Mysterieux,Sombre,Vaillant","Puissant,Monotone,Dansant,Joyeux,Solennel",,,"Complexe,Surprenant,Dansant,Joyeux",,"Epure,Dansant,Solennel,Brillant",,"Triste,Melancolique,Epure,Chaleureux,Fort",22,Femme,FR,Etudiant,,0,,,Non,,,Oui,2 ans,Non,,,,
,,,,"Long,Agressif,Bavard,Surprenant","Changeant,Long,Incisif,Monotone,Agressif,Rapide,Inquietant","Agressif,Bavard,Surprenant,Inquietant,Sombre,Lent","Colore,Puissant,Chaleureux,Fort,Dansant,Clair,Solennel,Vaillant",,"Triste,Vaillant","Doux,Epure,Chaleureux,Clair","Changeant,Agressif,Surprenant,Fort,Solennel,Lent","Incisif,Agressif,Chaleureux,Clair,Joyeux",,"Colore,Melancolique,Chaleureux,Bavard,Solennel,Brillant,Vaillant",,,"Changeant,Melancolique,Inquietant","Melancolique,Surprenant,Mysterieux,Inquietant","Colore,Chaleureux,Rapide,Clair,Joyeux,Vaillant",,,"Bavard,Transparent,Rapide,Dansant,Brillant,Vaillant",,"Monotone,Melancolique,Inquietant,Sombre",,,,,"Colore,Chaleureux,Dansant,Joyeux",,18,Femme,FR,Etudiant,,4,Instrumentale,Flute traversiere,Oui,Piano,1,Non,,Non,,,,
,Bavard,,"Colore,Surprenant,Rapide,Dansant,Clair,Joyeux",,"Puissant,Incisif,Fort,Rapide,Clair,Vaillant","Complexe,Changeant,Surprenant,Mysterieux,Inquietant","Colore,Bavard,Rapide,Dansant",,,"Monotone,Dansant,Joyeux,Lent",,"Bavard,Rapide,Dansant,Joyeux","Exotique,Vaillant","Puissant,Chaleureux,Fort,Solennel,Vaillant",,,"Puissant,Melancolique,Inquietant,Vaillant","Melancolique,Mysterieux","Rapide,Clair,Vaillant","Monotone,Joyeux",,,,,"Puissant,Agressif,Fort,Rapide,Vaillant","Rapide,Dansant,Clair,Joyeux,Vaillant",,,,,18,Femme,FR,Etudiant,,12,Instrumentale,piano,Oui,piano,4,Oui,10,Oui,beatbox,1,Oui,1
"Colore,Changeant,Fort,Rapide",,,"Colore,Chaleureux,Surprenant,Rapide,Joyeux","Puissant,Doux,Chaleureux,Tendre,Sombre",,,"Dansant,Joyeux",Complexe,,,,Rapide,,"Melancolique,Solennel,Lent",,,,,,,"Changeant,Melancolique,Surprenant,Lent",,"Colore,Chaleureux,Bavard,Tendre,Dansant","Triste,Terne,Lent",,,Surprenant,"Doux,Melancolique","Chaleureux,Joyeux,Vaillant","Melancolique,Chaleureux",18,Homme,FR,Etudiant,,0,,,Oui,,,Non,,Non,,,,
,,"Triste,Court,Terne,Monotone,Mysterieux,Inquietant,Solennel,Sombre","Colore,Agressif,Dansant,Clair,Joyeux,Solennel",,"Long,Rapide,Mysterieux","Agressif,Bavard,Lent",,,"Triste,Doux,Melancolique,Chaleureux,Tendre,Sombre","Chaleureux,Tendre,Dansant,Clair,Joyeux","Complexe,Melancolique","Monotone,Dansant,Clair,Solennel",,,,"Changeant,Surprenant,Fort,Mysterieux,Inquietant,Vaillant","Triste,Terne,Melancolique,Fort,Inquietant,Sombre",,,,"Colore,Incisif,Melancolique,Agressif,Dansant",,,,"Complexe,Puissant,Melancolique,Fort,Dansant,Inquietant,Joyeux,Sombre","Changeant,Court,Rapide,Dansant,Brillant",,"Colore,Triste,Chaleureux,Tendre,Dansant",,"Triste,Doux,Melancolique,Joyeux",18,Femme,FR,Etudiant,,2,Instrumentale,piano,Non,,,Non,,Oui,logiciel de musique,3,Non,
,"Complexe,Changeant,Joyeux",Doux,,Solennel,"Monotone,Agressif,Rapide","Agressif,Inquietant",,,,,,"Rapide,Joyeux","Monotone,Doux",,,,,,"Changeant,Dansant,Joyeux","Chaleureux,Dansant,Joyeux",,Complexe,,"Surprenant,Mysterieux",Rapide,"Colore,Changeant,Exotique,Chaleureux,Dansant,Joyeux","Doux,Melancolique,Mysterieux",,,"Triste,Melancolique",19,Femme,FR,Etudiant,,10,Instrumentale,Piano,Non,,,Non,,Oui,,,,
